{
  "containerDefinitions": [
    {
      "name": "api-web-server",
      "image": "<IMAGE>",
      "cpu": 0,
      "memoryReservation": 128,
      "portMappings": [
        {
          "containerPort": 8000,
          "hostPort": 8000,
          "protocol": "tcp"
        }
      ],
      "essential": true,
      "environment": [
        {
          "name": "DJANGO_DEBUG",
          "value": "True"
        }
      ],
      "logConfiguration": {
        "logDriver": "awslogs",
        "options": {
          "awslogs-group": "km-docker-api",
          "awslogs-region": "us-east-1",
          "awslogs-stream-prefix": "ecs-api-web"
        }
      }
    }
  ],
  "family": "api",
  "executionRoleArn": "arn:aws:iam::656952694364:role/km-docker-api-ecs-task-execution",
  "networkMode": "awsvpc",
  "compatibilities": [
    "EC2",
    "FARGATE"
  ],
  "requiresCompatibilities": [
    "FARGATE"
  ],
  "cpu": "256",
  "memory": "512"
}
