{
  "containerDefinitions": [
    {
      "name": "api-web-server",
      "image": "<IMAGE>",
      "cpu": 0,
      "memoryReservation": 128,
      "portMappings": [
        {
          "containerPort": 8000,
          "hostPort": 8000,
          "protocol": "tcp"
        }
      ],
      "essential": true,
      "environment": [
        {
          "name": "DJANGO_ALLOWED_HOSTS",
          "value": "docker.toolbox.knowmetools.com"
        },
        {
          "name": "DJANGO_AWS_REGION",
          "value": "us-east-1"
        },
        {
          "name": "DJANGO_DB_HOST",
          "value": "terraform-20190326202245912700000012.cnp2nsmozc8f.us-east-1.rds.amazonaws.com"
        },
        {
          "name": "DJANGO_DB_NAME",
          "value": "appdb"
        },
        {
          "name": "DJANGO_DB_PORT",
          "value": "5432"
        },
        {
          "name": "DJANGO_DB_USER",
          "value": "app_db_user"
        },
        {
          "name": "DJANGO_DEBUG",
          "value": "True"
        }
      ],
      "logConfiguration": {
        "logDriver": "awslogs",
        "options": {
          "awslogs-group": "km-docker-api",
          "awslogs-region": "us-east-1",
          "awslogs-stream-prefix": "ecs-api-web"
        }
      },
      "secrets": [
        {
          "name": "DJANGO_DB_PASSWORD",
          "valueFrom": "arn:aws:ssm:us-east-1:656952694364:parameter/km-api/docker/db/password"
        }
      ]
    }
  ],
  "family": "api",
  "executionRoleArn": "arn:aws:iam::656952694364:role/km-docker-api-ecs-task-execution",
  "networkMode": "awsvpc",
  "compatibilities": [
    "EC2",
    "FARGATE"
  ],
  "requiresCompatibilities": [
    "FARGATE"
  ],
  "cpu": "256",
  "memory": "512"
}
